-- MySQL dump 10.13  Distrib 8.0.31, for Win64 (x86_64)
--
-- Host: localhost    Database: blogsite
-- ------------------------------------------------------
-- Server version	8.0.31

/*!40101 SET @OLD_CHARACTER_SET_CLIENT=@@CHARACTER_SET_CLIENT */;
/*!40101 SET @OLD_CHARACTER_SET_RESULTS=@@CHARACTER_SET_RESULTS */;
/*!40101 SET @OLD_COLLATION_CONNECTION=@@COLLATION_CONNECTION */;
/*!50503 SET NAMES utf8mb4 */;
/*!40103 SET @OLD_TIME_ZONE=@@TIME_ZONE */;
/*!40103 SET TIME_ZONE='+00:00' */;
/*!40014 SET @OLD_UNIQUE_CHECKS=@@UNIQUE_CHECKS, UNIQUE_CHECKS=0 */;
/*!40014 SET @OLD_FOREIGN_KEY_CHECKS=@@FOREIGN_KEY_CHECKS, FOREIGN_KEY_CHECKS=0 */;
/*!40101 SET @OLD_SQL_MODE=@@SQL_MODE, SQL_MODE='NO_AUTO_VALUE_ON_ZERO' */;
/*!40111 SET @OLD_SQL_NOTES=@@SQL_NOTES, SQL_NOTES=0 */;

--
-- Table structure for table `blog`
--

DROP TABLE IF EXISTS `blog`;
/*!40101 SET @saved_cs_client     = @@character_set_client */;
/*!50503 SET character_set_client = utf8mb4 */;
CREATE TABLE `blog` (
  `blog_id` int NOT NULL AUTO_INCREMENT,
  `title` varchar(300) NOT NULL,
  `subtitle` varchar(300) DEFAULT NULL,
  `content` varchar(1000) NOT NULL,
  `date_added` varchar(45) DEFAULT NULL,
  `date_modified` varchar(45) DEFAULT NULL,
  `num_of_bookmarks` int DEFAULT '0',
  `author_id` int NOT NULL,
  PRIMARY KEY (`blog_id`),
  UNIQUE KEY `blog_id_UNIQUE` (`blog_id`),
  KEY `blogAuthor_idx` (`author_id`),
  CONSTRAINT `blogAuthor` FOREIGN KEY (`author_id`) REFERENCES `user` (`uid`) ON DELETE CASCADE ON UPDATE CASCADE
) ENGINE=InnoDB AUTO_INCREMENT=28 DEFAULT CHARSET=utf8mb4 COLLATE=utf8mb4_0900_ai_ci;
/*!40101 SET character_set_client = @saved_cs_client */;

--
-- Dumping data for table `blog`
--

LOCK TABLES `blog` WRITE;
/*!40000 ALTER TABLE `blog` DISABLE KEYS */;
INSERT INTO `blog` VALUES (17,'test1','test1','<p>hellojahdfjhjdsh</p>\r\n','2023-01-14 12:01:25','2023-01-21 14:11:34',2,10),(19,'kdnfkx','dsjhfhsdu','<p>sdbvjfsdbjfjs</p>\r\n','2023-01-16 13:55:14','2023-01-20 20:53:12',0,10),(22,'hi','ji','<p>C</p>\r\n','2023-01-18 15:08:01','2023-01-18 15:08:01',0,10),(23,'messi','R','<p>re</p>\r\n','2023-01-18 15:28:26','2023-01-18 15:28:35',0,11),(26,'notif test','sadd','<p>dasda</p>\r\n','2023-01-21 03:06:11','2023-01-21 03:06:11',0,10);
/*!40000 ALTER TABLE `blog` ENABLE KEYS */;
UNLOCK TABLES;
/*!50003 SET @saved_cs_client      = @@character_set_client */ ;
/*!50003 SET @saved_cs_results     = @@character_set_results */ ;
/*!50003 SET @saved_col_connection = @@collation_connection */ ;
/*!50003 SET character_set_client  = utf8mb4 */ ;
/*!50003 SET character_set_results = utf8mb4 */ ;
/*!50003 SET collation_connection  = utf8mb4_0900_ai_ci */ ;
/*!50003 SET @saved_sql_mode       = @@sql_mode */ ;
/*!50003 SET sql_mode              = 'STRICT_TRANS_TABLES,NO_ENGINE_SUBSTITUTION' */ ;
DELIMITER ;;
/*!50003 CREATE*/ /*!50017 DEFINER=`ng169`@`%`*/ /*!50003 TRIGGER `blog_BEFORE_INSERT` BEFORE INSERT ON `blog` FOR EACH ROW BEGIN
  IF NEW.date_added IS NULL THEN
    SET NEW.date_added = NOW();
  END IF;
  SET NEW.date_modified = NOW();
END */;;
DELIMITER ;
/*!50003 SET sql_mode              = @saved_sql_mode */ ;
/*!50003 SET character_set_client  = @saved_cs_client */ ;
/*!50003 SET character_set_results = @saved_cs_results */ ;
/*!50003 SET collation_connection  = @saved_col_connection */ ;
/*!50003 SET @saved_cs_client      = @@character_set_client */ ;
/*!50003 SET @saved_cs_results     = @@character_set_results */ ;
/*!50003 SET @saved_col_connection = @@collation_connection */ ;
/*!50003 SET character_set_client  = utf8mb4 */ ;
/*!50003 SET character_set_results = utf8mb4 */ ;
/*!50003 SET collation_connection  = utf8mb4_0900_ai_ci */ ;
/*!50003 SET @saved_sql_mode       = @@sql_mode */ ;
/*!50003 SET sql_mode              = 'STRICT_TRANS_TABLES,NO_ENGINE_SUBSTITUTION' */ ;
DELIMITER ;;
/*!50003 CREATE*/ /*!50017 DEFINER=`ng169`@`%`*/ /*!50003 TRIGGER `blog_AFTER_INSERT` AFTER INSERT ON `blog` FOR EACH ROW BEGIN
UPDATE `user`
SET num_of_blogs = num_of_blogs + 1
WHERE `user`.uid = NEW.author_id;
END */;;
DELIMITER ;
/*!50003 SET sql_mode              = @saved_sql_mode */ ;
/*!50003 SET character_set_client  = @saved_cs_client */ ;
/*!50003 SET character_set_results = @saved_cs_results */ ;
/*!50003 SET collation_connection  = @saved_col_connection */ ;
/*!50003 SET @saved_cs_client      = @@character_set_client */ ;
/*!50003 SET @saved_cs_results     = @@character_set_results */ ;
/*!50003 SET @saved_col_connection = @@collation_connection */ ;
/*!50003 SET character_set_client  = utf8mb4 */ ;
/*!50003 SET character_set_results = utf8mb4 */ ;
/*!50003 SET collation_connection  = utf8mb4_0900_ai_ci */ ;
/*!50003 SET @saved_sql_mode       = @@sql_mode */ ;
/*!50003 SET sql_mode              = 'STRICT_TRANS_TABLES,NO_ENGINE_SUBSTITUTION' */ ;
DELIMITER ;;
/*!50003 CREATE*/ /*!50017 DEFINER=`ng169`@`%`*/ /*!50003 TRIGGER `blog_BEFORE_UPDATE` BEFORE UPDATE ON `blog` FOR EACH ROW BEGIN
  SET NEW.date_modified = NOW();
END */;;
DELIMITER ;
/*!50003 SET sql_mode              = @saved_sql_mode */ ;
/*!50003 SET character_set_client  = @saved_cs_client */ ;
/*!50003 SET character_set_results = @saved_cs_results */ ;
/*!50003 SET collation_connection  = @saved_col_connection */ ;
/*!50003 SET @saved_cs_client      = @@character_set_client */ ;
/*!50003 SET @saved_cs_results     = @@character_set_results */ ;
/*!50003 SET @saved_col_connection = @@collation_connection */ ;
/*!50003 SET character_set_client  = utf8mb4 */ ;
/*!50003 SET character_set_results = utf8mb4 */ ;
/*!50003 SET collation_connection  = utf8mb4_0900_ai_ci */ ;
/*!50003 SET @saved_sql_mode       = @@sql_mode */ ;
/*!50003 SET sql_mode              = 'STRICT_TRANS_TABLES,NO_ENGINE_SUBSTITUTION' */ ;
DELIMITER ;;
/*!50003 CREATE*/ /*!50017 DEFINER=`ng169`@`%`*/ /*!50003 TRIGGER `blog_AFTER_DELETE` AFTER DELETE ON `blog` FOR EACH ROW BEGIN
UPDATE `user`
SET num_of_blogs = num_of_blogs - 1
WHERE `user`.uid = OLD.author_id;
END */;;
DELIMITER ;
/*!50003 SET sql_mode              = @saved_sql_mode */ ;
/*!50003 SET character_set_client  = @saved_cs_client */ ;
/*!50003 SET character_set_results = @saved_cs_results */ ;
/*!50003 SET collation_connection  = @saved_col_connection */ ;

--
-- Table structure for table `blog_category`
--

DROP TABLE IF EXISTS `blog_category`;
/*!40101 SET @saved_cs_client     = @@character_set_client */;
/*!50503 SET character_set_client = utf8mb4 */;
CREATE TABLE `blog_category` (
  `blog_id_cb` int NOT NULL,
  `cat_id_cb` int NOT NULL,
  PRIMARY KEY (`blog_id_cb`,`cat_id_cb`),
  KEY `blogCat_c_id_idx` (`cat_id_cb`),
  CONSTRAINT `blogCat_b_id` FOREIGN KEY (`blog_id_cb`) REFERENCES `blog` (`blog_id`) ON DELETE CASCADE ON UPDATE CASCADE,
  CONSTRAINT `blogCat_c_id` FOREIGN KEY (`cat_id_cb`) REFERENCES `category` (`category_id`) ON DELETE CASCADE ON UPDATE CASCADE
) ENGINE=InnoDB DEFAULT CHARSET=utf8mb4 COLLATE=utf8mb4_0900_ai_ci;
/*!40101 SET character_set_client = @saved_cs_client */;

--
-- Dumping data for table `blog_category`
--

LOCK TABLES `blog_category` WRITE;
/*!40000 ALTER TABLE `blog_category` DISABLE KEYS */;
INSERT INTO `blog_category` VALUES (23,1),(19,2),(22,2),(23,2),(23,3),(26,3),(17,7),(26,7);
/*!40000 ALTER TABLE `blog_category` ENABLE KEYS */;
UNLOCK TABLES;

--
-- Table structure for table `bookmark`
--

DROP TABLE IF EXISTS `bookmark`;
/*!40101 SET @saved_cs_client     = @@character_set_client */;
/*!50503 SET character_set_client = utf8mb4 */;
CREATE TABLE `bookmark` (
  `uid_bk` int NOT NULL,
  `blog_id_bk` int NOT NULL,
  PRIMARY KEY (`uid_bk`,`blog_id_bk`),
  KEY `bookmarkBlog_idx` (`blog_id_bk`),
  CONSTRAINT `bookmarkBlog` FOREIGN KEY (`blog_id_bk`) REFERENCES `blog` (`blog_id`) ON DELETE CASCADE ON UPDATE CASCADE,
  CONSTRAINT `bookmarkUser` FOREIGN KEY (`uid_bk`) REFERENCES `user` (`uid`) ON DELETE CASCADE ON UPDATE CASCADE
) ENGINE=InnoDB DEFAULT CHARSET=utf8mb4 COLLATE=utf8mb4_0900_ai_ci;
/*!40101 SET character_set_client = @saved_cs_client */;

--
-- Dumping data for table `bookmark`
--

LOCK TABLES `bookmark` WRITE;
/*!40000 ALTER TABLE `bookmark` DISABLE KEYS */;
INSERT INTO `bookmark` VALUES (11,17),(16,17);
/*!40000 ALTER TABLE `bookmark` ENABLE KEYS */;
UNLOCK TABLES;
/*!50003 SET @saved_cs_client      = @@character_set_client */ ;
/*!50003 SET @saved_cs_results     = @@character_set_results */ ;
/*!50003 SET @saved_col_connection = @@collation_connection */ ;
/*!50003 SET character_set_client  = utf8mb4 */ ;
/*!50003 SET character_set_results = utf8mb4 */ ;
/*!50003 SET collation_connection  = utf8mb4_0900_ai_ci */ ;
/*!50003 SET @saved_sql_mode       = @@sql_mode */ ;
/*!50003 SET sql_mode              = 'STRICT_TRANS_TABLES,NO_ENGINE_SUBSTITUTION' */ ;
DELIMITER ;;
/*!50003 CREATE*/ /*!50017 DEFINER=`ng169`@`%`*/ /*!50003 TRIGGER `bookmark_AFTER_INSERT` AFTER INSERT ON `bookmark` FOR EACH ROW BEGIN
UPDATE `blog`
SET num_of_bookmarks = num_of_bookmarks + 1
WHERE `blog`.blog_id = NEW.blog_id_bk;
END */;;
DELIMITER ;
/*!50003 SET sql_mode              = @saved_sql_mode */ ;
/*!50003 SET character_set_client  = @saved_cs_client */ ;
/*!50003 SET character_set_results = @saved_cs_results */ ;
/*!50003 SET collation_connection  = @saved_col_connection */ ;
/*!50003 SET @saved_cs_client      = @@character_set_client */ ;
/*!50003 SET @saved_cs_results     = @@character_set_results */ ;
/*!50003 SET @saved_col_connection = @@collation_connection */ ;
/*!50003 SET character_set_client  = utf8mb4 */ ;
/*!50003 SET character_set_results = utf8mb4 */ ;
/*!50003 SET collation_connection  = utf8mb4_0900_ai_ci */ ;
/*!50003 SET @saved_sql_mode       = @@sql_mode */ ;
/*!50003 SET sql_mode              = 'STRICT_TRANS_TABLES,NO_ENGINE_SUBSTITUTION' */ ;
DELIMITER ;;
/*!50003 CREATE*/ /*!50017 DEFINER=`ng169`@`%`*/ /*!50003 TRIGGER `bookmark_AFTER_DELETE` AFTER DELETE ON `bookmark` FOR EACH ROW BEGIN
UPDATE `blog`
SET num_of_bookmarks = num_of_bookmarks - 1
WHERE `blog`.blog_id = OLD.blog_id_bk;
END */;;
DELIMITER ;
/*!50003 SET sql_mode              = @saved_sql_mode */ ;
/*!50003 SET character_set_client  = @saved_cs_client */ ;
/*!50003 SET character_set_results = @saved_cs_results */ ;
/*!50003 SET collation_connection  = @saved_col_connection */ ;

--
-- Table structure for table `category`
--

DROP TABLE IF EXISTS `category`;
/*!40101 SET @saved_cs_client     = @@character_set_client */;
/*!50503 SET character_set_client = utf8mb4 */;
CREATE TABLE `category` (
  `category_id` int NOT NULL AUTO_INCREMENT,
  `name` varchar(45) DEFAULT NULL,
  PRIMARY KEY (`category_id`),
  UNIQUE KEY `category_id_UNIQUE` (`category_id`)
) ENGINE=InnoDB AUTO_INCREMENT=10 DEFAULT CHARSET=utf8mb4 COLLATE=utf8mb4_0900_ai_ci;
/*!40101 SET character_set_client = @saved_cs_client */;

--
-- Dumping data for table `category`
--

LOCK TABLES `category` WRITE;
/*!40000 ALTER TABLE `category` DISABLE KEYS */;
INSERT INTO `category` VALUES (1,'Technology'),(2,'Programming'),(3,'Sports'),(7,'Art'),(9,'Science');
/*!40000 ALTER TABLE `category` ENABLE KEYS */;
UNLOCK TABLES;

--
-- Table structure for table `comment`
--

DROP TABLE IF EXISTS `comment`;
/*!40101 SET @saved_cs_client     = @@character_set_client */;
/*!50503 SET character_set_client = utf8mb4 */;
CREATE TABLE `comment` (
  `id` int NOT NULL AUTO_INCREMENT,
  `content` varchar(200) NOT NULL,
  `date_added` datetime DEFAULT NULL,
  `blog_id_comment` int NOT NULL,
  `uid_comment` int NOT NULL,
  PRIMARY KEY (`id`),
  KEY `commentBlog_idx` (`blog_id_comment`),
  KEY `commentUser_idx` (`uid_comment`),
  CONSTRAINT `commentBlog` FOREIGN KEY (`blog_id_comment`) REFERENCES `blog` (`blog_id`) ON DELETE CASCADE ON UPDATE CASCADE,
  CONSTRAINT `commentUser` FOREIGN KEY (`uid_comment`) REFERENCES `user` (`uid`) ON DELETE CASCADE ON UPDATE CASCADE
) ENGINE=InnoDB AUTO_INCREMENT=18 DEFAULT CHARSET=utf8mb4 COLLATE=utf8mb4_0900_ai_ci;
/*!40101 SET character_set_client = @saved_cs_client */;

--
-- Dumping data for table `comment`
--

LOCK TABLES `comment` WRITE;
/*!40000 ALTER TABLE `comment` DISABLE KEYS */;
INSERT INTO `comment` VALUES (10,'noic','2023-01-14 12:02:00',17,11),(16,'123','2023-01-21 02:20:17',17,15);
/*!40000 ALTER TABLE `comment` ENABLE KEYS */;
UNLOCK TABLES;
/*!50003 SET @saved_cs_client      = @@character_set_client */ ;
/*!50003 SET @saved_cs_results     = @@character_set_results */ ;
/*!50003 SET @saved_col_connection = @@collation_connection */ ;
/*!50003 SET character_set_client  = utf8mb4 */ ;
/*!50003 SET character_set_results = utf8mb4 */ ;
/*!50003 SET collation_connection  = utf8mb4_0900_ai_ci */ ;
/*!50003 SET @saved_sql_mode       = @@sql_mode */ ;
/*!50003 SET sql_mode              = 'STRICT_TRANS_TABLES,NO_ENGINE_SUBSTITUTION' */ ;
DELIMITER ;;
/*!50003 CREATE*/ /*!50017 DEFINER=`ng169`@`%`*/ /*!50003 TRIGGER `comment_BEFORE_INSERT` BEFORE INSERT ON `comment` FOR EACH ROW BEGIN
	SET NEW.date_added = NOW();
END */;;
DELIMITER ;
/*!50003 SET sql_mode              = @saved_sql_mode */ ;
/*!50003 SET character_set_client  = @saved_cs_client */ ;
/*!50003 SET character_set_results = @saved_cs_results */ ;
/*!50003 SET collation_connection  = @saved_col_connection */ ;

--
-- Table structure for table `notification`
--

DROP TABLE IF EXISTS `notification`;
/*!40101 SET @saved_cs_client     = @@character_set_client */;
/*!50503 SET character_set_client = utf8mb4 */;
CREATE TABLE `notification` (
  `title` varchar(100) NOT NULL,
  `description` varchar(300) DEFAULT NULL,
  `uid_notif` int NOT NULL,
  `notif_id` int NOT NULL AUTO_INCREMENT,
  PRIMARY KEY (`notif_id`),
  UNIQUE KEY `notif_id_UNIQUE` (`notif_id`),
  KEY `notifUser_idx` (`uid_notif`),
  CONSTRAINT `notifUser` FOREIGN KEY (`uid_notif`) REFERENCES `user` (`uid`) ON DELETE CASCADE ON UPDATE CASCADE
) ENGINE=InnoDB AUTO_INCREMENT=6 DEFAULT CHARSET=utf8mb4 COLLATE=utf8mb4_0900_ai_ci;
/*!40101 SET character_set_client = @saved_cs_client */;

--
-- Dumping data for table `notification`
--

LOCK TABLES `notification` WRITE;
/*!40000 ALTER TABLE `notification` DISABLE KEYS */;
INSERT INTO `notification` VALUES ('NEW BLOG FROM user1','user1 has posted a blog on hi',11,3),('NEW BLOG FROM user1','user1 has posted a blog on notif test',11,4),('NEW BLOG FROM user1','user1 has posted a blog on notif test',15,5);
/*!40000 ALTER TABLE `notification` ENABLE KEYS */;
UNLOCK TABLES;

--
-- Table structure for table `subscriber`
--

DROP TABLE IF EXISTS `subscriber`;
/*!40101 SET @saved_cs_client     = @@character_set_client */;
/*!50503 SET character_set_client = utf8mb4 */;
CREATE TABLE `subscriber` (
  `author_id` int NOT NULL,
  `subscriber_id` int NOT NULL,
  PRIMARY KEY (`author_id`,`subscriber_id`),
  KEY `subscriberSub_idx` (`subscriber_id`),
  CONSTRAINT `authorSub` FOREIGN KEY (`author_id`) REFERENCES `user` (`uid`) ON DELETE CASCADE ON UPDATE CASCADE,
  CONSTRAINT `subscriberSub` FOREIGN KEY (`subscriber_id`) REFERENCES `user` (`uid`) ON DELETE CASCADE ON UPDATE CASCADE
) ENGINE=InnoDB DEFAULT CHARSET=utf8mb4 COLLATE=utf8mb4_0900_ai_ci;
/*!40101 SET character_set_client = @saved_cs_client */;

--
-- Dumping data for table `subscriber`
--

LOCK TABLES `subscriber` WRITE;
/*!40000 ALTER TABLE `subscriber` DISABLE KEYS */;
INSERT INTO `subscriber` VALUES (10,11),(10,15),(10,16);
/*!40000 ALTER TABLE `subscriber` ENABLE KEYS */;
UNLOCK TABLES;
/*!50003 SET @saved_cs_client      = @@character_set_client */ ;
/*!50003 SET @saved_cs_results     = @@character_set_results */ ;
/*!50003 SET @saved_col_connection = @@collation_connection */ ;
/*!50003 SET character_set_client  = utf8mb4 */ ;
/*!50003 SET character_set_results = utf8mb4 */ ;
/*!50003 SET collation_connection  = utf8mb4_0900_ai_ci */ ;
/*!50003 SET @saved_sql_mode       = @@sql_mode */ ;
/*!50003 SET sql_mode              = 'STRICT_TRANS_TABLES,NO_ENGINE_SUBSTITUTION' */ ;
DELIMITER ;;
/*!50003 CREATE*/ /*!50017 DEFINER=`ng169`@`%`*/ /*!50003 TRIGGER `subscriber_AFTER_INSERT` AFTER INSERT ON `subscriber` FOR EACH ROW BEGIN
UPDATE `user`
SET num_of_subs = num_of_subs + 1
WHERE `user`.uid = NEW.author_id;
END */;;
DELIMITER ;
/*!50003 SET sql_mode              = @saved_sql_mode */ ;
/*!50003 SET character_set_client  = @saved_cs_client */ ;
/*!50003 SET character_set_results = @saved_cs_results */ ;
/*!50003 SET collation_connection  = @saved_col_connection */ ;
/*!50003 SET @saved_cs_client      = @@character_set_client */ ;
/*!50003 SET @saved_cs_results     = @@character_set_results */ ;
/*!50003 SET @saved_col_connection = @@collation_connection */ ;
/*!50003 SET character_set_client  = utf8mb4 */ ;
/*!50003 SET character_set_results = utf8mb4 */ ;
/*!50003 SET collation_connection  = utf8mb4_0900_ai_ci */ ;
/*!50003 SET @saved_sql_mode       = @@sql_mode */ ;
/*!50003 SET sql_mode              = 'STRICT_TRANS_TABLES,NO_ENGINE_SUBSTITUTION' */ ;
DELIMITER ;;
/*!50003 CREATE*/ /*!50017 DEFINER=`ng169`@`%`*/ /*!50003 TRIGGER `subscriber_AFTER_DELETE` AFTER DELETE ON `subscriber` FOR EACH ROW BEGIN
UPDATE `user`
SET num_of_subs = num_of_subs - 1
WHERE `user`.uid = OLD.author_id;
END */;;
DELIMITER ;
/*!50003 SET sql_mode              = @saved_sql_mode */ ;
/*!50003 SET character_set_client  = @saved_cs_client */ ;
/*!50003 SET character_set_results = @saved_cs_results */ ;
/*!50003 SET collation_connection  = @saved_col_connection */ ;

--
-- Table structure for table `user`
--

DROP TABLE IF EXISTS `user`;
/*!40101 SET @saved_cs_client     = @@character_set_client */;
/*!50503 SET character_set_client = utf8mb4 */;
CREATE TABLE `user` (
  `uid` int NOT NULL AUTO_INCREMENT,
  `name` varchar(45) NOT NULL,
  `ph_num` varchar(45) DEFAULT NULL,
  `prof_pic` varchar(200) DEFAULT NULL,
  `num_of_blogs` int DEFAULT '0',
  `num_of_subs` int DEFAULT '0',
  PRIMARY KEY (`uid`),
  UNIQUE KEY `uid_UNIQUE` (`uid`)
) ENGINE=InnoDB AUTO_INCREMENT=17 DEFAULT CHARSET=utf8mb4 COLLATE=utf8mb4_0900_ai_ci;
/*!40101 SET character_set_client = @saved_cs_client */;

--
-- Dumping data for table `user`
--

LOCK TABLES `user` WRITE;
/*!40000 ALTER TABLE `user` DISABLE KEYS */;
INSERT INTO `user` VALUES (10,'user1','9999900000','default_user.jpg',4,3),(11,'user2','1111111111','default_user.jpg',1,0),(14,'ng169','9999900000','default_user.jpg',0,0),(15,'hi','1111111111','default_user.jpg',0,0),(16,'ng169','1111111111','default_user.jpg',0,0);
/*!40000 ALTER TABLE `user` ENABLE KEYS */;
UNLOCK TABLES;

--
-- Table structure for table `userlogin`
--

DROP TABLE IF EXISTS `userlogin`;
/*!40101 SET @saved_cs_client     = @@character_set_client */;
/*!50503 SET character_set_client = utf8mb4 */;
CREATE TABLE `userlogin` (
  `uid` int NOT NULL AUTO_INCREMENT,
  `email_id` varchar(45) NOT NULL,
  `password` varchar(45) NOT NULL,
  PRIMARY KEY (`uid`,`email_id`),
  UNIQUE KEY `email_id_UNIQUE` (`email_id`),
  UNIQUE KEY `uid_UNIQUE` (`uid`),
  CONSTRAINT `uidLogin` FOREIGN KEY (`uid`) REFERENCES `user` (`uid`) ON DELETE CASCADE ON UPDATE CASCADE
) ENGINE=InnoDB AUTO_INCREMENT=17 DEFAULT CHARSET=utf8mb4 COLLATE=utf8mb4_0900_ai_ci;
/*!40101 SET character_set_client = @saved_cs_client */;

--
-- Dumping data for table `userlogin`
--

LOCK TABLES `userlogin` WRITE;
/*!40000 ALTER TABLE `userlogin` DISABLE KEYS */;
INSERT INTO `userlogin` VALUES (10,'admin@email.com','123'),(11,'test@gmail.com','123'),(14,'dada@gmail.com','1'),(15,'user2@gmail.com','123'),(16,'user3@gmail.com','123');
/*!40000 ALTER TABLE `userlogin` ENABLE KEYS */;
UNLOCK TABLES;
/*!40103 SET TIME_ZONE=@OLD_TIME_ZONE */;

/*!40101 SET SQL_MODE=@OLD_SQL_MODE */;
/*!40014 SET FOREIGN_KEY_CHECKS=@OLD_FOREIGN_KEY_CHECKS */;
/*!40014 SET UNIQUE_CHECKS=@OLD_UNIQUE_CHECKS */;
/*!40101 SET CHARACTER_SET_CLIENT=@OLD_CHARACTER_SET_CLIENT */;
/*!40101 SET CHARACTER_SET_RESULTS=@OLD_CHARACTER_SET_RESULTS */;
/*!40101 SET COLLATION_CONNECTION=@OLD_COLLATION_CONNECTION */;
/*!40111 SET SQL_NOTES=@OLD_SQL_NOTES */;

-- Dump completed on 2023-01-21 15:22:18
